insert into users
    (id, name, email, password_hash, photo_id, bio, last_location)
values
    ('81e3d2e1-6710-452c-9b16-845fc5a4b987', 'admin', 'admin', '$2a$10$D2LwGBKymTRb.ItUec5vQeu5r2n5PTgjoO3YP3C/iApD.bZAd2.BW', NULL, '',  point(0.0, 0.0)),
    ('72787bf8-3d7c-4896-a7df-f517f6a3501a', 'John Doe', 'john.doe@example.com', '$2a$10$D2LwGBKymTRb.ItUec5vQeu5r2n5PTgjoO3YP3C/iApD.bZAd2.BW', NULL, 'I love travelling.', point(-33.8688, 151.2093)),
    ('1cc5ab73-05e3-411f-a250-9c7380f270ad', 'Jane Smith', 'jane.smith@example.com', '$2a$10$D2LwGBKymTRb.ItUec5vQeu5r2n5PTgjoO3YP3C/iApD.bZAd2.BW', NULL, 'Nature enthusiast.', point(-33.8731, 151.2113)),
    ('c5aa3603-012b-419f-9534-d3f9ebaa87f4', 'Alice Johnson', 'alice.johnson@example.com', '$2a$10$D2LwGBKymTRb.ItUec5vQeu5r2n5PTgjoO3YP3C/iApD.bZAd2.BW', NULL, 'Adventure seeker.', point(-33.8737, 151.1998)),
    ('f4957937-2441-4667-8e2a-320d64ac63d0', 'Bob Williams', 'bob.williams@example.com', '$2a$10$D2LwGBKymTRb.ItUec5vQeu5r2n5PTgjoO3YP3C/iApD.bZAd2.BW', NULL, 'Culture explorer.', point(-33.8490, 151.1714)),
    ('bc7e855f-6946-4187-85c4-310b98bcbae1', 'Charlie Brown', 'charlie.brown@example.com', '$2a$10$D2LwGBKymTRb.ItUec5vQeu5r2n5PTgjoO3YP3C/iApD.bZAd2.BW', NULL, 'Food lover.', point(-33.8799, 151.2045)),
    ('36ecbec1-45f8-4250-add6-78e4548d3a05', 'Emma Davis', 'emma.davis@example.com', '$2a$10$D2LwGBKymTRb.ItUec5vQeu5r2n5PTgjoO3YP3C/iApD.bZAd2.BW', NULL, 'Exercise addict.', point(-33.8587, 151.2017)),
    ('beb8d21f-6808-4853-b13b-bffe964aea04', 'Michael Miller', 'michael.miller@example.com', '$2a$10$D2LwGBKymTRb.ItUec5vQeu5r2n5PTgjoO3YP3C/iApD.bZAd2.BW', NULL, 'Beach bum.', point(-33.8908, 151.2743)),
    ('8bff72d7-d633-4ceb-8bfc-e340acb12ae1', 'Emily Wilson', 'emily.wilson@example.com', '$2a$10$D2LwGBKymTRb.ItUec5vQeu5r2n5PTgjoO3YP3C/iApD.bZAd2.BW', NULL, 'Art aficionado.', point(-33.8818, 151.2009)),
    ('744892ec-2f79-4d68-8ef0-247260dac9eb', 'David Moore', 'david.moore@example.com', '$2a$10$D2LwGBKymTRb.ItUec5vQeu5r2n5PTgjoO3YP3C/iApD.bZAd2.BW', NULL, 'City slicker.', point(-33.8522, 151.2102)),
    ('1ecad4a3-8e4d-4120-9e0b-5d33ba3d3d29', 'Sophia Taylor', 'sophia.taylor@example.com', '$2a$10$D2LwGBKymTRb.ItUec5vQeu5r2n5PTgjoO3YP3C/iApD.bZAd2.BW', NULL, 'Wildlife lover.', point(-33.8434, 151.2416)),
    ('c6fdb246-f7c5-43e4-938f-dc7ea004a79a', 'Lucas Anderson', 'lucas.anderson@example.com', '$2a$10$D2LwGBKymTRb.ItUec5vQeu5r2n5PTgjoO3YP3C/iApD.bZAd2.BW', NULL, 'Outdoor enthusiast.', point(-33.7990, 151.2890)),
    ('f62838b4-4a06-4341-96cd-e3e5f5534a4b', 'Ava Thomas', 'ava.thomas@example.com', '$2a$10$D2LwGBKymTRb.ItUec5vQeu5r2n5PTgjoO3YP3C/iApD.bZAd2.BW', NULL, 'Market wanderer.', point(-33.8949, 151.1899)),
    ('44f7c662-9c35-4158-87b0-b4be6b01e220', 'Ethan Jackson', 'ethan.jackson@example.com', '$2a$10$D2LwGBKymTRb.ItUec5vQeu5r2n5PTgjoO3YP3C/iApD.bZAd2.BW', NULL, 'Theatre lover.', point(-33.8915, 151.2047)),
    ('35e4a8b4-adb3-4445-903c-75b36cc960cd', 'Isabella White', 'isabella.white@example.com', '$2a$10$D2LwGBKymTRb.ItUec5vQeu5r2n5PTgjoO3YP3C/iApD.bZAd2.BW', NULL, 'Music fanatic.', point(-33.8599, 151.2093)),
    ('8cb38b83-b467-48f8-ad33-9a9e226af80c', 'William Harris', 'william.harris@example.com', '$2a$10$D2LwGBKymTRb.ItUec5vQeu5r2n5PTgjoO3YP3C/iApD.bZAd2.BW', NULL, 'History buff.', point(-33.8076, 151.2431)),
    ('08d06542-3fc8-4c76-8005-c63309e37615', 'Olivia Martin', 'olivia.martin@example.com', '$2a$10$D2LwGBKymTRb.ItUec5vQeu5r2n5PTgjoO3YP3C/iApD.bZAd2.BW', NULL, 'Cooking enthusiast.', point(-33.8699, 151.1926)),
    ('2d4665c2-e5d5-4693-bea0-aa9d97a2e3ea', 'James Thompson', 'james.thompson@example.com', '$2a$10$D2LwGBKymTRb.ItUec5vQeu5r2n5PTgjoO3YP3C/iApD.bZAd2.BW', NULL, 'Sport fanatic.', point(-33.8811, 151.1932)),
    ('b7c23fd0-c829-4437-a546-b5298619804c', 'Mia Garcia', 'mia.garcia@example.com', '$2a$10$D2LwGBKymTRb.ItUec5vQeu5r2n5PTgjoO3YP3C/iApD.bZAd2.BW', NULL, 'Photography lover.', point(-33.8737, 151.1998)),
    ('933b28a3-7130-45c6-ba9a-40a723843f3a', 'Alexander Martinez', 'alexander.martinez@example.com', '$2a$10$D2LwGBKymTRb.ItUec5vQeu5r2n5PTgjoO3YP3C/iApD.bZAd2.BW', NULL, 'Coffee connoisseur.', point(-33.8766, 151.2069)),
    ('4c6376e4-a587-4ce7-b588-6a94ab103685', 'Harper Robinson', 'harper.robinson@example.com', '$2a$10$D2LwGBKymTRb.ItUec5vQeu5r2n5PTgjoO3YP3C/iApD.bZAd2.BW', NULL, 'Fashionista.', point(-33.8782, 151.2099));

insert into locations 
    (id, name, photo_url, coordinates, food, nature, adventure, culture, exercise, tourist_hotspot, cozy, family, wildlife, near_cbd, disabled_accessibility) 
values 
    ('caa6946e-2178-47a0-a9e1-528a551441be', 'Sydney Opera House', 'https://upload.wikimedia.org/wikipedia/commons/a/a0/Sydney_Australia._%2821339175489%29.jpg', point(-33.8568, 151.2153), 0.6, 0.4, 0.2, 0.9, 0.3, 1.0, 0.6, 0.8, 0.2, 0.8, 0.9),
    ('f52e3fa6-a5bc-412c-a804-c831cd2a7356', 'Bondi Beach', 'https://assets.atdw-online.com.au/images/788eb90bc6b005e8b3492b6edeabbe60.jpeg?rect=0%2C0%2C2066%2C1550&w=2048&h=1536&rot=360&q=eyJ0eXBlIjoibGlzdGluZyIsImxpc3RpbmdJZCI6IjU2YjIzZWFiMjY2MTQwNTk0NTY4MWViNyIsImRpc3RyaWJ1dG9ySWQiOiI1NmIxZWI5MzQ0ZmVjYTNkZjJlMzIwYzgiLCJhcGlrZXlJZCI6IjU2YjFlZTU5MGNmMjEzYWQyMGRjNTgxOSJ9', point(-33.8908, 151.2743), 0.8, 0.7, 0.6, 0.4, 0.9, 0.9, 0.5, 0.7, 0.3, 0.5, 0.7),
    ('67f1740d-04ce-4e7a-a107-a0400222b13e', 'Sydney Harbour Bridge', 'https://s1.at.atcdn.net/wp-content/uploads/2005/09/Sydney-Harbour-Bridge-800x584.jpg', point(-33.8522, 151.2102), 0.5, 0.3, 0.8, 0.7, 0.8, 0.9, 0.4, 0.6, 0.1, 0.8, 0.9),
    ('dbb3968d-1952-492a-9e3d-0d860256d41c', 'Royal Botanic Garden', 'https://cdn.concreteplayground.com/content/uploads/2017/09/Royal-Botanic-Garden-Sydney-Destination-NSW-1920x1080.jpg', point(-33.8642, 151.2166), 0.6, 0.9, 0.5, 0.4, 0.7, 0.8, 0.7, 0.8, 0.9, 0.5, 0.8),
    ('650784fa-be99-4827-9774-bf88cd739bcf', 'Taronga Zoo', 'https://www.getaboutable.com/wp-content/uploads/2020/08/117192648_3377671912295676_7593390019675547050_o.jpg', point(-33.8434, 151.2416), 0.6, 0.5, 0.7, 0.3, 0.7, 0.9, 0.6, 0.8, 1.0, 0.4, 0.8),
    ('a5e6f974-019d-4bb6-a246-a4d25b9537c2', 'Darling Harbour', 'https://upload.wikimedia.org/wikipedia/commons/5/50/2019-04-10_Sydney_CBD_view_from_Pyrmont_at_sunset.jpg', point(-33.8737, 151.1998), 0.8, 0.4, 0.7, 0.8, 0.6, 0.9, 0.7, 0.7, 0.2, 0.9, 0.9),
    ('d1d4a11d-6fd0-42f1-8156-139f51d1b56c', 'The Rocks', 'https://www.sydney.com/sites/sydney/files/styles/article_mobile_x2/public/2017-09/Australia_Day_2016.jpg?itok=FPC3JGBD', point(-33.8599, 151.2093), 0.7, 0.3, 0.5, 0.8, 0.4, 0.9, 0.7, 0.6, 0.1, 0.8, 0.7),
    ('b4a56e2e-e79b-4e41-9ea0-afa0ec6934de', 'Hyde Park', 'https://www.cityofsydney.nsw.gov.au/-/media/corporate/images/places-and-spaces/parks/hyde-park/hydepark-highres-5534.jpg?h=1365&w=2048&hash=5D8E3DDDFB5BB31602A698AD8CE92BAB', point(-33.8731, 151.2113), 0.5, 0.8, 0.5, 0.5, 0.9, 0.7, 0.7, 0.6, 0.7, 0.4, 0.9),
    ('05041e64-b432-4c8b-a6c9-a1361c415e35', 'Manly Beach', 'https://www.sydneycityguide.com.au/wp-content/uploads/manly-beach.jpg', point(-33.8705, 151.2090), 0.6, 0.3, 0.9, 0.7, 0.8, 0.8, 0.5, 0.6, 0.1, 0.9, 0.9),
    ('0e4fa4f5-7108-4667-bd59-bc6b092d521b', 'Cockatoo Island', 'https://assets.atdw-online.com.au/images/a76273d2f478f9fe4e9c591b2171831f.jpeg?rect=3%2C0%2C2048%2C1536&w=2048&h=1536&q=eyJ0eXBlIjoibGlzdGluZyIsImxpc3RpbmdJZCI6IjU2YjI0MjExM2VkMTRjYTc0NTMxZjY3MCIsImRpc3RyaWJ1dG9ySWQiOiI1NmIxZWI5MzQ0ZmVjYTNkZjJlMzIwYzgiLCJhcGlrZXlJZCI6IjU2YjFlZTU5MGNmMjEzYWQyMGRjNTgxOSJ9', point(-33.8490, 151.1714), 0.5, 0.7, 0.6, 0.6, 0.8, 0.3, 0.7, 0.6, 0.8, 0.5, 0.6),
    ('349b5191-1061-4d8c-98f2-8b8c816076b7', 'Barangaroo Reserve', 'https://www.landscapeperformance.org/sites/default/files/styles/lightbox/public/02-Barangaroo-After_0.jpg?itok=Ny_WPnOa', point(-33.8587, 151.2017), 0.6, 0.8, 0.5, 0.6, 0.7, 0.3, 0.6, 0.7, 0.7, 0.5, 0.8),
    ('d2f1bae7-835a-421f-a141-defeceea0a0c', 'Carriageworks Farmers Market', 'https://carriageworks.com.au/wp-content/uploads/CFM-Homepage-3-Desktop_1280x720.jpg', point(-33.8949, 151.1899), 0.9, 0.3, 0.3, 0.5, 0.4, 0.2, 0.7, 0.5, 0.1, 0.5, 0.8),
    ('4ed70f71-a81c-49b8-9d5f-a03c7d4fbbdf', 'White Rabbit Gallery', 'https://mgnsw.org.au/wp-content/uploads/2013/09/Lumen-White-Rabbit.jpg', point(-33.8818, 151.2009), 0.4, 0.2, 0.3, 0.9, 0.2, 0.2, 0.7, 0.5, 0.1, 0.7, 0.9),
    ('f82d490d-5ba4-4d07-80a8-b467b71f36f1', 'Spit Bridge to Manly Walk', 'https://media.timeout.com/images/105360976/image.jpg', point(-33.8076, 151.2431), 0.3, 0.9, 0.8, 0.3, 0.9, 0.2, 0.5, 0.8, 0.7, 0.2, 0.7),
    ('62a00693-9623-4dda-8ee0-4dc01664144e', 'Chinatown', 'https://dbijapkm3o6fj.cloudfront.net/resources/1240,1004,1,6,4,0,600,450/-4604-/20150310023842/china-town.jpeg', point(-33.8799, 151.2045), 0.9, 0.2, 0.4, 0.7, 0.3, 0.2, 0.6, 0.5, 0.2, 0.7, 0.9),
    ('e85ec597-84db-448a-bf7d-df8798ab17f1', 'Brett Whiteley Studio Museum', 'https://www.datocms-assets.com/42890/1616463885-2020bws024.jpg?fit=max&iptc=allow&w=2000', point(-33.8791, 151.2111), 0.4, 0.2, 0.3, 0.9, 0.3, 0.2, 0.7, 0.5, 0.1, 0.7, 0.9),
    ('f5297e99-2b19-4f7c-aebf-305b17d38714', 'Belvoir St Theatre', 'https://belvoir.com.au/wp-content/uploads/2021/09/belvoir_everybrilliantthing_jan2020_photobrettboardman_001503_49612240136_o-1024x683.jpg', point(-33.8915, 151.2047), 0.4, 0.2, 0.3, 0.8, 0.2, 0.2, 0.6, 0.5, 0.1, 0.6, 0.8),
    ('fd753fbe-abf7-4245-8e26-84057d88794d', 'Palm Beach', 'https://dynamic-media-cdn.tripadvisor.com/media/photo-o/13/c0/d4/3a/dsc-2278-largejpg.jpg?w=700&h=500&s=1', point(-33.6060, 151.3230), 0.6, 0.9, 0.7, 0.3, 0.9, 0.3, 0.6, 0.8, 0.5, 0.2, 0.6),
    ('c2df1c8d-351b-4405-8ff8-75495277dd56', 'Sydney Fish Market', 'https://upload.wikimedia.org/wikipedia/commons/2/26/Sydney_fish_market_sign.jpg', point(-33.8699, 151.1926), 0.9, 0.2, 0.5, 0.6, 0.3, 0.3, 0.7, 0.6, 0.1, 0.6, 0.8),
    ('f2704db0-11bd-4184-92ee-ebe09e21784c', 'Queen Victoria Building', 'https://assets.atdw-online.com.au/images/bf7c03a0e48e526583a48ff5f3482ac3.jpeg?rect=139%2C0%2C2223%2C1667&w=745&h=559&&rot=360&q=eyJ0eXBlIjoibGlzdGluZyIsImxpc3RpbmdJZCI6IjU2YjI0MGM4ZDVmMTU2NTA0NWQ4NjM4NyIsImRpc3RyaWJ1dG9ySWQiOiI1NmIxZWI5MzQ0ZmVjYTNkZjJlMzIwYzgiLCJhcGlrZXlJZCI6IjU2YjFlZTU5MGNmMjEzYWQyMGRjNTgxOSJ9', point(-33.8720, 151.2069), 0.9, 0.3, 0.2, 0.8, 0.3, 0.8, 0.7, 0.6, 0.1, 0.9, 0.9),
    ('2b076e36-aae9-4932-9bd3-0ebb6a8c653b', 'Australian Museum', 'https://assets.atdw-online.com.au/images/1603bd19081547ca524f522af1535e1f.jpeg?rect=113%2C0%2C1823%2C1367&w=745&h=559&&rot=360&q=eyJ0eXBlIjoibGlzdGluZyIsImxpc3RpbmdJZCI6IjU2YjI0MDU1ZDVmMTU2NTA0NWQ4NWMxMSIsImRpc3RyaWJ1dG9ySWQiOiI1NmIxZWI5MzQ0ZmVjYTNkZjJlMzIwYzgiLCJhcGlrZXlJZCI6IjU2YjFlZTU5MGNmMjEzYWQyMGRjNTgxOSJ9', point(-33.8744, 151.2099), 0.4, 0.2, 0.4, 0.9, 0.3, 0.7, 0.6, 0.7, 0.6, 0.9, 0.9),
    ('5bede87f-5554-42b1-aedb-6e53e70f194c', 'Paddys Markets', 'https://c8.alamy.com/comp/HFRTD3/interior-of-paddys-market-sydney-australia-HFRTD3.jpg', point(-33.8799, 151.2036), 0.8, 0.2, 0.5, 0.6, 0.4, 0.6, 0.5, 0.5, 0.1, 0.8, 0.8),
    ('0b49f62a-00c6-4863-b55c-4e531eb72b09', 'Art Gallery of New South Wales', 'https://afar.brightspotcdn.com/dims4/default/3d98997/2147483647/strip/true/crop/728x500+36+0/resize/660x453!/quality/90/?url=https%3A%2F%2Fafar-media-production-web.s3.amazonaws.com%2Fbrightspot%2Fe4%2F91%2F95cbd64b91528a9a71ad7690587e%2Foriginal-694d00eb11905f59e945eac82b5d3659.jpg', point(-33.8689, 151.2174), 0.4, 0.3, 0.3, 0.9, 0.3, 0.7, 0.6, 0.6, 0.4, 0.9, 0.9),
    ('7e09cf90-d189-4bda-a164-1566e4ceff33', 'Blue Mountains National Park', 'https://www.visitnsw.com/sites/visitnsw/files/styles/landscape_992x558/public/2020-12/174961_0.jpg?h=9d0b293b&itok=KtiJvlVx', point(-33.7144, 150.3119), 0.2, 1.0, 0.9, 0.2, 0.9, 0.2, 0.7, 0.9, 0.9, 0.3, 0.5),
    ('8494e91e-95d5-4e91-b655-a42fe3c3951a', 'Luna Park', 'https://assets.atdw-online.com.au/images/c5f67b6617d77f62a4f1f47cc08424a9.jpeg?rect=405%2C0%2C6549%2C4912&w=745&h=559&&rot=360&q=eyJ0eXBlIjoibGlzdGluZyIsImxpc3RpbmdJZCI6IjU2YjIzZmMwM2VkMTRjYTc0NTMxY2Y5YiIsImRpc3RyaWJ1dG9ySWQiOiI1NmIxZWI5MzQ0ZmVjYTNkZjJlMzIwYzgiLCJhcGlrZXlJZCI6IjU2YjFlZTU5MGNmMjEzYWQyMGRjNTgxOSJ9', point(-33.8486, 151.2094), 0.7, 0.3, 0.8, 0.4, 0.7, 0.8, 0.7, 0.8, 0.5, 0.7, 0.9),
    ('8d861f4a-3dd2-4c17-a062-8b21b9e12014', 'The Domain', 'https://assets.atdw-online.com.au/images/34a528658a9637c6ce2a7c9ca32f3b34.jpeg?rect=736%2C0%2C3533%2C2650&w=2048&h=1536&q=eyJ0eXBlIjoibGlzdGluZyIsImxpc3RpbmdJZCI6IjU2YjI0MDdlZDI3MDE1NGI0NTU0MjIzZiIsImRpc3RyaWJ1dG9ySWQiOiI1NmIxZWI5MzQ0ZmVjYTNkZjJlMzIwYzgiLCJhcGlrZXlJZCI6IjU2YjFlZTU5MGNmMjEzYWQyMGRjNTgxOSJ9', point(-33.8675, 151.2131), 0.5, 0.8, 0.6, 0.5, 0.8, 0.6, 0.7, 0.7, 0.7, 0.5, 0.9),
    ('21677869-c8b6-4665-b27b-8dc6abb0d3fc', 'Sydney Aquarium', 'https://assets.atdw-online.com.au/images/be4ddfe20b7088a1b98c4cb418590e7b.jpeg?rect=165%2C0%2C2671%2C2003&w=2048&h=1536&rot=360&q=eyJ0eXBlIjoibGlzdGluZyIsImxpc3RpbmdJZCI6IjU2YjIzZjkwYjA0MjM4NjI0NWQ0N2NkMiIsImRpc3RyaWJ1dG9ySWQiOiI1NmIxZWI5MzQ0ZmVjYTNkZjJlMzIwYzgiLCJhcGlrZXlJZCI6IjU2YjFlZTU5MGNmMjEzYWQyMGRjNTgxOSJ9', point(-33.8696, 151.2022), 0.6, 0.4, 0.6, 0.5, 0.6, 0.8, 0.7, 0.8, 0.9, 0.7, 0.9),
    ('878e7e3c-60f7-4d13-ba45-1ef7fa61186c', 'Sydney Observatory', 'https://dynamic-media-cdn.tripadvisor.com/media/photo-o/21/22/0f/9a/sydney-observatory.jpg?w=1200&h=-1&s=1', point(-33.8594, 151.2049), 0.4, 0.4, 0.7, 0.6, 0.5, 0.6, 0.6, 0.6, 0.5, 0.8, 0.8),
    ('aa36689b-0d75-437d-ba77-82aa0a6c88be', 'Paddington Reservoir Gardens', 'https://www.cityofsydney.nsw.gov.au/-/media/corporate/images/places-and-spaces/parks/paddington-reservoir-gardens/d3x_31691.jpg?h=1536&w=2048&hash=394DD3B128227D11E5DAD2CC05CB9F28', point(-33.8835, 151.2283), 0.5, 0.8, 0.5, 0.6, 0.6, 0.5, 0.7, 0.7, 0.6, 0.6, 0.8),
    ('8bc93035-4ed6-440f-9cc9-3e0564b5acb3', 'Museum of Sydney', 'https://assets.atdw-online.com.au/images/04eda0840efc3fa430b425f9c62aed7d.jpeg?rect=132%2C0%2C2097%2C1573&w=2048&h=1536&q=eyJ0eXBlIjoibGlzdGluZyIsImxpc3RpbmdJZCI6IjU2YjI0MGI0M2VkMTRjYTc0NTMxZTAyOCIsImRpc3RyaWJ1dG9ySWQiOiI1NmIxZWI5MzQ0ZmVjYTNkZjJlMzIwYzgiLCJhcGlrZXlJZCI6IjU2YjFlZTU5MGNmMjEzYWQyMGRjNTgxOSJ9', point(-33.8627, 151.2108), 0.4, 0.3, 0.4, 0.8, 0.3, 0.6, 0.6, 0.6, 0.4, 0.8, 0.9),
    ('bc96802c-4425-40bf-8b2b-452a79ecd139', 'State Library of New South Wales', 'https://dynamic-media-cdn.tripadvisor.com/media/photo-o/09/e4/03/be/state-library-of-new.jpg?w=1200&h=-1&s=1', point(-33.8668, 151.2125), 0.4, 0.3, 0.3, 0.8, 0.3, 0.6, 0.6, 0.6, 0.3, 0.8, 0.9),
    ('2dc9aedd-8ba8-497a-aa6d-6e7df3e5f47d', 'Maroubra Beach', 'https://www.sydney.com/sites/sydney/files/styles/open_graph/public/2019-09/149721-header.jpg?itok=m8joIzG9', point(-33.9527, 151.2448), 0.6, 0.9, 0.7, 0.3, 0.8, 0.7, 0.5, 0.7, 0.4, 0.4, 0.7),
    ('6fee3ac5-b4d7-4da8-81de-c1f0c30ef578', 'Sydney Olympic Park', 'https://www.sydneyolympicpark.com.au/-/media/images/sopa/sydney-olympic-park-site/parks/hero-image/2009-cathy-freeman-park-playground.jpg?ImageResizing=true&w=1024&h=683&mode=crop&hash=C465DEB7B30EEF5EA0EE093BB8D2B6CBB37C4440', point(-33.8507, 151.0661), 0.6, 0.8, 0.9, 0.6, 0.9, 0.5, 0.6, 0.7, 0.6, 0.6, 0.9),
    ('46da4635-7350-4acb-a94c-5b5cad9bd7aa', 'Centennial Park', 'https://www.centennialparklands.com.au/getmedia/554cb2ea-ff0e-4274-b223-147aedef851a/Centennial-Park-and-Moore-Park-Trust.jpg', point(-33.8962, 151.2336), 0.5, 0.9, 0.7, 0.4, 0.8, 0.8, 0.6, 0.7, 0.6, 0.4, 0.9),
    ('0e961e11-2624-4f56-ad23-eac1836fc265', 'Chippendale', 'https://upload.wikimedia.org/wikipedia/commons/6/60/Chippendale_University_of_Notre_Dame.JPG', point(-33.8861, 151.2005), 0.8, 0.3, 0.3, 0.7, 0.4, 0.4, 0.7, 0.6, 0.1, 0.6, 0.9),
    ('f0e0d36d-257a-479f-b360-2a26b0fbda2d', 'Surry Hills', 'https://media.timeout.com/images/105684113/image.jpg', point(-33.8845, 151.2108), 0.9, 0.3, 0.4, 0.7, 0.4, 0.3, 0.6, 0.6, 0.1, 0.7, 0.8),
    ('dbb4e062-dbde-4f01-9304-53f96340ef15', 'Sydney Cricket Ground', 'https://upload.wikimedia.org/wikipedia/commons/thumb/4/49/Sydney_Cricket_Ground_%2824509044622%29.jpg/1200px-Sydney_Cricket_Ground_%2824509044622%29.jpg', point(-33.8891, 151.2258), 0.7, 0.3, 0.4, 0.6, 0.7, 0.6, 0.5, 0.5, 0.1, 0.6, 0.9),
    ('f2d7ce6b-6621-4c08-9d6e-8a45dfba4947', 'Kings Cross', 'https://cdn.sydneycitytour.com.au/wp-content/uploads/2017/12/Kings-Cross.jpg', point(-33.8751, 151.2235), 0.8, 0.3, 0.4, 0.6, 0.3, 0.3, 0.6, 0.5, 0.1, 0.6, 0.8),
    ('9f52c65b-6559-4305-a50b-aa29df57b874', 'Macquarie University', 'https://images.shiksha.com/mediadata/images/1533723518phpzYjJlZ.jpeg', point(-33.7771, 151.1124), 0.7, 0.7, 0.3, 0.8, 0.3, 0.3, 0.7, 0.6, 0.1, 0.4, 0.9),
    ('737827d8-bd97-4ed0-a552-358bc35732f0', 'Watsons Bay', 'https://www.sydney.com/sites/sydney/files/styles/open_graph/public/2019-09/150391.jpg?itok=dLUgg6s5', point(-33.8436, 151.2816), 0.7, 0.8, 0.7, 0.4, 0.7, 0.6, 0.6, 0.7, 0.6, 0.3, 0.6);

insert into preferences
    (user_id, food, nature, adventure, culture, exercise, tourist_hotspot, cozy, family, wildlife, near_cbd, disabled_accessibility)
values
    ('81e3d2e1-6710-452c-9b16-845fc5a4b987', 1, 1, 1, 1, 1, 1, 1, 1, 1, 1, 1),
    ('72787bf8-3d7c-4896-a7df-f517f6a3501a', 0.7, 0.5, 0.3, 0.6, 0.4, 0.9, 0.2, 0.1, 0.8, 0.3, 0.1),
    ('1cc5ab73-05e3-411f-a250-9c7380f270ad', 0.2, 0.9, 0.6, 0.3, 0.1, 0.4, 0.7, 0.8, 0.9, 0.5, 0.3),
    ('c5aa3603-012b-419f-9534-d3f9ebaa87f4', 0.3, 0.2, 0.9, 0.8, 0.7, 0.2, 0.1, 0.6, 0.5, 0.4, 0.3),
    ('f4957937-2441-4667-8e2a-320d64ac63d0', 0.6, 0.5, 0.4, 0.9, 0.8, 0.3, 0.2, 0.1, 0.7, 0.6, 0.5),
    ('bc7e855f-6946-4187-85c4-310b98bcbae1', 0.9, 0.8, 0.3, 0.2, 0.1, 0.6, 0.5, 0.4, 0.2, 0.7, 0.9),
    ('36ecbec1-45f8-4250-add6-78e4548d3a05', 0.1, 0.2, 0.7, 0.6, 0.9, 0.8, 0.3, 0.4, 0.1, 0.2, 0.7),
    ('beb8d21f-6808-4853-b13b-bffe964aea04', 0.8, 0.7, 0.2, 0.1, 0.4, 0.3, 0.8, 0.9, 0.6, 0.5, 0.4),
    ('8bff72d7-d633-4ceb-8bfc-e340acb12ae1', 0.4, 0.3, 0.8, 0.7, 0.2, 0.1, 0.6, 0.5, 0.4, 0.3, 0.8),
    ('744892ec-2f79-4d68-8ef0-247260dac9eb', 0.5, 0.4, 0.1, 0.8, 0.7, 0.6, 0.9, 0.2, 0.3, 0.8, 0.7),
    ('1ecad4a3-8e4d-4120-9e0b-5d33ba3d3d29', 0.7, 0.6, 0.5, 0.4, 0.3, 0.2, 0.1, 0.8, 0.9, 0.7, 0.6),
    ('c6fdb246-f7c5-43e4-938f-dc7ea004a79a', 0.2, 0.1, 0.6, 0.5, 0.4, 0.3, 0.2, 0.7, 0.8, 0.6, 0.5),
    ('f62838b4-4a06-4341-96cd-e3e5f5534a4b', 0.3, 0.8, 0.7, 0.6, 0.5, 0.4, 0.3, 0.2, 0.1, 0.5, 0.4),
    ('44f7c662-9c35-4158-87b0-b4be6b01e220', 0.6, 0.1, 0.2, 0.3, 0.8, 0.7, 0.6, 0.5, 0.4, 0.9, 0.2),
    ('35e4a8b4-adb3-4445-903c-75b36cc960cd', 0.1, 0.6, 0.5, 0.4, 0.7, 0.2, 0.1, 0.6, 0.5, 0.4, 0.3),
    ('8cb38b83-b467-48f8-ad33-9a9e226af80c', 0.4, 0.7, 0.6, 0.5, 0.2, 0.1, 0.8, 0.7, 0.6, 0.3, 0.2),
    ('08d06542-3fc8-4c76-8005-c63309e37615', 0.5, 0.2, 0.1, 0.6, 0.5, 0.8, 0.7, 0.6, 0.3, 0.2, 0.1),
    ('2d4665c2-e5d5-4693-bea0-aa9d97a2e3ea', 0.8, 0.3, 0.4, 0.1, 0.6, 0.5, 0.2, 0.1, 0.8, 0.7, 0.6),
    ('b7c23fd0-c829-4437-a546-b5298619804c', 0.7, 0.4, 0.5, 0.2, 0.1, 0.4, 0.3, 0.2, 0.1, 0.6, 0.5),
    ('933b28a3-7130-45c6-ba9a-40a723843f3a', 0.6, 0.5, 0.6, 0.3, 0.2, 0.7, 0.6, 0.5, 0.4, 0.3, 0.2),
    ('4c6376e4-a587-4ce7-b588-6a94ab103685', 0.5, 0.6, 0.1, 0.2, 0.3, 0.6, 0.5, 0.4, 0.7, 0.2, 0.1);

insert into
    photos (user_id, url, food, nature, adventure, culture, exercise, tourist_hotspot, cozy, family, wildlife, near_cbd, disabled_accessibility)
values
    ('81e3d2e1-6710-452c-9b16-845fc5a4b987', 'http://example.com/photo0.jpg', 1, 1, 1, 1, 1, 1, 1, 1, 1, 1, 1),
    ('72787bf8-3d7c-4896-a7df-f517f6a3501a', 'http://example.com/photo1.jpg', 0.2, 0.3, 0.5, 0.7, 0.8, 0.2, 0.4, 0.5, 0.6, 0.6, 0.2),
    ('72787bf8-3d7c-4896-a7df-f517f6a3501a', 'http://example.com/photo2.jpg', 0.5, 0.6, 0.2, 0.3, 0.1, 0.7, 0.8, 0.2, 0.4, 0.5, 0.9),
    ('1cc5ab73-05e3-411f-a250-9c7380f270ad', 'http://example.com/photo3.jpg', 0.7, 0.8, 0.2, 0.4, 0.5, 0.6, 0.1, 0.3, 0.7, 0.8, 0.9),
    ('1cc5ab73-05e3-411f-a250-9c7380f270ad', 'http://example.com/photo4.jpg', 0.9, 0.1, 0.3, 0.5, 0.7, 0.8, 0.2, 0.4, 0.5, 0.1, 0.3),
    ('1cc5ab73-05e3-411f-a250-9c7380f270ad', 'http://example.com/photo5.jpg', 0.6, 0.7, 0.8, 0.9, 0.1, 0.2, 0.3, 0.4, 0.5, 0.7, 0.4),
    ('c5aa3603-012b-419f-9534-d3f9ebaa87f4', 'http://example.com/photo6.jpg', 0.4, 0.5, 0.6, 0.7, 0.8, 0.9, 0.1, 0.2, 0.3, 0.8, 0.1),
    ('c5aa3603-012b-419f-9534-d3f9ebaa87f4', 'http://example.com/photo7.jpg', 0.2, 0.3, 0.4, 0.5, 0.6, 0.7, 0.8, 0.9, 0.1, 0.2, 0.6),
    ('f4957937-2441-4667-8e2a-320d64ac63d0', 'http://example.com/photo8.jpg', 0.3, 0.4, 0.5, 0.6, 0.7, 0.8, 0.9, 0.1, 0.2, 0.5, 0.9),
    ('f4957937-2441-4667-8e2a-320d64ac63d0', 'http://example.com/photo9.jpg', 0.1, 0.2, 0.3, 0.4, 0.5, 0.6, 0.7, 0.8, 0.9, 0.3, 0.7),
    ('bc7e855f-6946-4187-85c4-310b98bcbae1', 'http://example.com/photo10.jpg', 0.5, 0.6, 0.7, 0.8, 0.9, 0.1, 0.2, 0.3, 0.4, 0.6, 0.2),
    ('bc7e855f-6946-4187-85c4-310b98bcbae1', 'http://example.com/photo11.jpg', 0.6, 0.7, 0.8, 0.9, 0.1, 0.2, 0.3, 0.4, 0.5, 0.9, 0.3),
    ('bc7e855f-6946-4187-85c4-310b98bcbae1', 'http://example.com/photo12.jpg', 0.7, 0.8, 0.9, 0.1, 0.2, 0.3, 0.4, 0.5, 0.6, 0.4, 0.5),
    ('36ecbec1-45f8-4250-add6-78e4548d3a05', 'http://example.com/photo13.jpg', 0.8, 0.9, 0.1, 0.2, 0.3, 0.4, 0.5, 0.6, 0.7, 0.1, 0.8),
    ('36ecbec1-45f8-4250-add6-78e4548d3a05', 'http://example.com/photo14.jpg', 0.9, 0.1, 0.2, 0.3, 0.4, 0.5, 0.6, 0.7, 0.8, 0.7, 0.1),
    ('beb8d21f-6808-4853-b13b-bffe964aea04', 'http://example.com/photo15.jpg', 0.1, 0.2, 0.3, 0.4, 0.5, 0.6, 0.7, 0.8, 0.9, 0.3, 0.2),
    ('beb8d21f-6808-4853-b13b-bffe964aea04', 'http://example.com/photo16.jpg', 0.2, 0.3, 0.4, 0.5, 0.6, 0.7, 0.8, 0.9, 0.1, 0.6, 0.8),
    ('8bff72d7-d633-4ceb-8bfc-e340acb12ae1', 'http://example.com/photo17.jpg', 0.3, 0.4, 0.5, 0.6, 0.7, 0.8, 0.9, 0.1, 0.2, 0.4, 0.9),
    ('8bff72d7-d633-4ceb-8bfc-e340acb12ae1', 'http://example.com/photo18.jpg', 0.4, 0.5, 0.6, 0.7, 0.8, 0.9, 0.1, 0.2, 0.3, 0.2, 0.3),
    ('744892ec-2f79-4d68-8ef0-247260dac9eb', 'http://example.com/photo19.jpg', 0.5, 0.6, 0.7, 0.8, 0.9, 0.1, 0.2, 0.3, 0.4, 0.6, 0.9),
    ('744892ec-2f79-4d68-8ef0-247260dac9eb', 'http://example.com/photo20.jpg', 0.6, 0.7, 0.8, 0.9, 0.1, 0.2, 0.3, 0.4, 0.5, 0.1, 0.3),
    ('744892ec-2f79-4d68-8ef0-247260dac9eb', 'http://example.com/photo21.jpg', 0.7, 0.8, 0.9, 0.1, 0.2, 0.3, 0.4, 0.5, 0.6, 0.4, 0.9),
    ('1ecad4a3-8e4d-4120-9e0b-5d33ba3d3d29', 'http://example.com/photo22.jpg', 0.8, 0.9, 0.1, 0.2, 0.3, 0.4, 0.5, 0.6, 0.7, 0.2, 0.4),
    ('1ecad4a3-8e4d-4120-9e0b-5d33ba3d3d29', 'http://example.com/photo23.jpg', 0.1, 0.2, 0.3, 0.4, 0.5, 0.6, 0.7, 0.8, 0.9, 0.5, 0.7),
    ('c6fdb246-f7c5-43e4-938f-dc7ea004a79a', 'http://example.com/photo24.jpg', 0.2, 0.3, 0.4, 0.5, 0.6, 0.7, 0.8, 0.9, 0.1, 0.8, 0.2),
    ('c6fdb246-f7c5-43e4-938f-dc7ea004a79a', 'http://example.com/photo25.jpg', 0.3, 0.4, 0.5, 0.6, 0.7, 0.8, 0.9, 0.1, 0.2, 0.7, 0.9),
    ('c6fdb246-f7c5-43e4-938f-dc7ea004a79a', 'http://example.com/photo26.jpg', 0.4, 0.5, 0.6, 0.7, 0.8, 0.9, 0.1, 0.2, 0.3, 0.5, 0.3),
    ('f62838b4-4a06-4341-96cd-e3e5f5534a4b', 'http://example.com/photo27.jpg', 0.5, 0.6, 0.7, 0.8, 0.9, 0.1, 0.2, 0.3, 0.4, 0.9, 0.5),
    ('f62838b4-4a06-4341-96cd-e3e5f5534a4b', 'http://example.com/photo28.jpg', 0.6, 0.7, 0.8, 0.9, 0.1, 0.2, 0.3, 0.4, 0.5, 0.4, 0.5),
    ('44f7c662-9c35-4158-87b0-b4be6b01e220', 'http://example.com/photo29.jpg', 0.7, 0.8, 0.9, 0.1, 0.2, 0.3, 0.4, 0.5, 0.6, 0.6, 0.1),
    ('44f7c662-9c35-4158-87b0-b4be6b01e220', 'http://example.com/photo30.jpg', 0.8, 0.9, 0.1, 0.2, 0.3, 0.4, 0.5, 0.6, 0.7, 0.4, 0.7),
    ('44f7c662-9c35-4158-87b0-b4be6b01e220', 'http://example.com/photo31.jpg', 0.1, 0.2, 0.3, 0.4, 0.5, 0.6, 0.7, 0.8, 0.9, 0.7, 0.8),
    ('35e4a8b4-adb3-4445-903c-75b36cc960cd', 'http://example.com/photo32.jpg', 0.2, 0.3, 0.4, 0.5, 0.6, 0.7, 0.8, 0.9, 0.1, 0.9, 0.4),
    ('35e4a8b4-adb3-4445-903c-75b36cc960cd', 'http://example.com/photo33.jpg', 0.3, 0.4, 0.5, 0.6, 0.7, 0.8, 0.9, 0.1, 0.2, 0.1, 0.6),
    ('8cb38b83-b467-48f8-ad33-9a9e226af80c', 'http://example.com/photo34.jpg', 0.1, 0.3, 0.6, 0.4, 0.8, 0.7, 0.5, 0.9, 0.2, 0.6, 0.4),
    ('8cb38b83-b467-48f8-ad33-9a9e226af80c', 'http://example.com/photo35.jpg', 0.2, 0.4, 0.1, 0.5, 0.7, 0.9, 0.3, 0.8, 0.6, 0.2, 0.1),
    ('8cb38b83-b467-48f8-ad33-9a9e226af80c', 'http://example.com/photo36.jpg', 0.3, 0.5, 0.2, 0.6, 0.8, 0.4, 0.7, 0.1, 0.9, 0.3, 0.5),
    ('08d06542-3fc8-4c76-8005-c63309e37615', 'http://example.com/photo37.jpg', 0.4, 0.6, 0.3, 0.7, 0.1, 0.5, 0.9, 0.2, 0.8, 0.4, 0.6),
    ('08d06542-3fc8-4c76-8005-c63309e37615', 'http://example.com/photo38.jpg', 0.5, 0.7, 0.4, 0.8, 0.2, 0.6, 0.1, 0.3, 0.9, 0.5, 0.7),
    ('2d4665c2-e5d5-4693-bea0-aa9d97a2e3ea', 'http://example.com/photo39.jpg', 0.6, 0.8, 0.5, 0.9, 0.3, 0.7, 0.2, 0.4, 0.1, 0.6, 0.8),
    ('2d4665c2-e5d5-4693-bea0-aa9d97a2e3ea', 'http://example.com/photo40.jpg', 0.7, 0.9, 0.6, 0.1, 0.4, 0.8, 0.3, 0.5, 0.2, 0.7, 0.9),
    ('b7c23fd0-c829-4437-a546-b5298619804c', 'http://example.com/photo41.jpg', 0.8, 0.1, 0.7, 0.2, 0.5, 0.9, 0.4, 0.6, 0.3, 0.8, 0.1),
    ('b7c23fd0-c829-4437-a546-b5298619804c', 'http://example.com/photo42.jpg', 0.9, 0.2, 0.8, 0.3, 0.6, 0.1, 0.5, 0.7, 0.4, 0.9, 0.2),
    ('933b28a3-7130-45c6-ba9a-40a723843f3a', 'http://example.com/photo43.jpg', 0.1, 0.3, 0.9, 0.4, 0.7, 0.2, 0.6, 0.8, 0.5, 0.1, 0.3),
    ('933b28a3-7130-45c6-ba9a-40a723843f3a', 'http://example.com/photo44.jpg', 0.2, 0.4, 0.1, 0.5, 0.8, 0.3, 0.7, 0.9, 0.6, 0.2, 0.4),
    ('933b28a3-7130-45c6-ba9a-40a723843f3a', 'http://example.com/photo45.jpg', 0.3, 0.5, 0.2, 0.6, 0.9, 0.4, 0.8, 0.1, 0.7, 0.3, 0.5),
    ('4c6376e4-a587-4ce7-b588-6a94ab103685', 'http://example.com/photo46.jpg', 0.4, 0.6, 0.3, 0.7, 0.1, 0.5, 0.9, 0.2, 0.8, 0.4, 0.6),
    ('4c6376e4-a587-4ce7-b588-6a94ab103685', 'http://example.com/photo47.jpg', 0.5, 0.7, 0.4, 0.8, 0.2, 0.6, 0.1, 0.3, 0.9, 0.5, 0.7),
    ('4c6376e4-a587-4ce7-b588-6a94ab103685', 'http://example.com/photo48.jpg', 0.6, 0.8, 0.5, 0.9, 0.3, 0.7, 0.2, 0.4, 0.1, 0.6, 0.8);
