insert into users
    (id, name, email, password_hash, photo_id, bio, last_location)
values
    ('81e3d2e1-6710-452c-9b16-845fc5a4b987', 'admin', 'admin', '$2a$10$D2LwGBKymTRb.ItUec5vQeu5r2n5PTgjoO3YP3C/iApD.bZAd2.BW', NULL, '',  point(0.0, 0.0)),
    ('72787bf8-3d7c-4896-a7df-f517f6a3501a', 'John Doe', 'john.doe@example.com', '$2a$10$D2LwGBKymTRb.ItUec5vQeu5r2n5PTgjoO3YP3C/iApD.bZAd2.BW', NULL, 'I love travelling.', point(-33.8688, 151.2093)),
    ('1cc5ab73-05e3-411f-a250-9c7380f270ad', 'Jane Smith', 'jane.smith@example.com', '$2a$10$D2LwGBKymTRb.ItUec5vQeu5r2n5PTgjoO3YP3C/iApD.bZAd2.BW', NULL, 'Nature enthusiast.', point(-33.8731, 151.2113)),
    ('c5aa3603-012b-419f-9534-d3f9ebaa87f4', 'Alice Johnson', 'alice.johnson@example.com', '$2a$10$D2LwGBKymTRb.ItUec5vQeu5r2n5PTgjoO3YP3C/iApD.bZAd2.BW', NULL, 'Adventure seeker.', point(-33.8737, 151.1998)),
    ('f4957937-2441-4667-8e2a-320d64ac63d0', 'Bob Williams', 'bob.williams@example.com', '$2a$10$D2LwGBKymTRb.ItUec5vQeu5r2n5PTgjoO3YP3C/iApD.bZAd2.BW', NULL, 'Culture explorer.', point(-33.8490, 151.1714)),
    ('bc7e855f-6946-4187-85c4-310b98bcbae1', 'Charlie Brown', 'charlie.brown@example.com', '$2a$10$D2LwGBKymTRb.ItUec5vQeu5r2n5PTgjoO3YP3C/iApD.bZAd2.BW', NULL, 'Food lover.', point(-33.8799, 151.2045)),
    ('36ecbec1-45f8-4250-add6-78e4548d3a05', 'Emma Davis', 'emma.davis@example.com', '$2a$10$D2LwGBKymTRb.ItUec5vQeu5r2n5PTgjoO3YP3C/iApD.bZAd2.BW', NULL, 'Exercise addict.', point(-33.8587, 151.2017)),
    ('beb8d21f-6808-4853-b13b-bffe964aea04', 'Michael Miller', 'michael.miller@example.com', '$2a$10$D2LwGBKymTRb.ItUec5vQeu5r2n5PTgjoO3YP3C/iApD.bZAd2.BW', NULL, 'Beach bum.', point(-33.8908, 151.2743)),
    ('8bff72d7-d633-4ceb-8bfc-e340acb12ae1', 'Emily Wilson', 'emily.wilson@example.com', '$2a$10$D2LwGBKymTRb.ItUec5vQeu5r2n5PTgjoO3YP3C/iApD.bZAd2.BW', NULL, 'Art aficionado.', point(-33.8818, 151.2009)),
    ('744892ec-2f79-4d68-8ef0-247260dac9eb', 'David Moore', 'david.moore@example.com', '$2a$10$D2LwGBKymTRb.ItUec5vQeu5r2n5PTgjoO3YP3C/iApD.bZAd2.BW', NULL, 'City slicker.', point(-33.8522, 151.2102)),
    ('1ecad4a3-8e4d-4120-9e0b-5d33ba3d3d29', 'Sophia Taylor', 'sophia.taylor@example.com', '$2a$10$D2LwGBKymTRb.ItUec5vQeu5r2n5PTgjoO3YP3C/iApD.bZAd2.BW', NULL, 'Wildlife lover.', point(-33.8434, 151.2416)),
    ('c6fdb246-f7c5-43e4-938f-dc7ea004a79a', 'Lucas Anderson', 'lucas.anderson@example.com', '$2a$10$D2LwGBKymTRb.ItUec5vQeu5r2n5PTgjoO3YP3C/iApD.bZAd2.BW', NULL, 'Outdoor enthusiast.', point(-33.7990, 151.2890)),
    ('f62838b4-4a06-4341-96cd-e3e5f5534a4b', 'Ava Thomas', 'ava.thomas@example.com', '$2a$10$D2LwGBKymTRb.ItUec5vQeu5r2n5PTgjoO3YP3C/iApD.bZAd2.BW', NULL, 'Market wanderer.', point(-33.8949, 151.1899)),
    ('44f7c662-9c35-4158-87b0-b4be6b01e220', 'Ethan Jackson', 'ethan.jackson@example.com', '$2a$10$D2LwGBKymTRb.ItUec5vQeu5r2n5PTgjoO3YP3C/iApD.bZAd2.BW', NULL, 'Theatre lover.', point(-33.8915, 151.2047)),
    ('35e4a8b4-adb3-4445-903c-75b36cc960cd', 'Isabella White', 'isabella.white@example.com', '$2a$10$D2LwGBKymTRb.ItUec5vQeu5r2n5PTgjoO3YP3C/iApD.bZAd2.BW', NULL, 'Music fanatic.', point(-33.8599, 151.2093)),
    ('8cb38b83-b467-48f8-ad33-9a9e226af80c', 'William Harris', 'william.harris@example.com', '$2a$10$D2LwGBKymTRb.ItUec5vQeu5r2n5PTgjoO3YP3C/iApD.bZAd2.BW', NULL, 'History buff.', point(-33.8076, 151.2431)),
    ('08d06542-3fc8-4c76-8005-c63309e37615', 'Olivia Martin', 'olivia.martin@example.com', '$2a$10$D2LwGBKymTRb.ItUec5vQeu5r2n5PTgjoO3YP3C/iApD.bZAd2.BW', NULL, 'Cooking enthusiast.', point(-33.8699, 151.1926)),
    ('2d4665c2-e5d5-4693-bea0-aa9d97a2e3ea', 'James Thompson', 'james.thompson@example.com', '$2a$10$D2LwGBKymTRb.ItUec5vQeu5r2n5PTgjoO3YP3C/iApD.bZAd2.BW', NULL, 'Sport fanatic.', point(-33.8811, 151.1932)),
    ('b7c23fd0-c829-4437-a546-b5298619804c', 'Mia Garcia', 'mia.garcia@example.com', '$2a$10$D2LwGBKymTRb.ItUec5vQeu5r2n5PTgjoO3YP3C/iApD.bZAd2.BW', NULL, 'Photography lover.', point(-33.8737, 151.1998)),
    ('933b28a3-7130-45c6-ba9a-40a723843f3a', 'Alexander Martinez', 'alexander.martinez@example.com', '$2a$10$D2LwGBKymTRb.ItUec5vQeu5r2n5PTgjoO3YP3C/iApD.bZAd2.BW', NULL, 'Coffee connoisseur.', point(-33.8766, 151.2069)),
    ('4c6376e4-a587-4ce7-b588-6a94ab103685', 'Harper Robinson', 'harper.robinson@example.com', '$2a$10$D2LwGBKymTRb.ItUec5vQeu5r2n5PTgjoO3YP3C/iApD.bZAd2.BW', NULL, 'Fashionista.', point(-33.8782, 151.2099));

insert into locations 
    (name, photo_url, coordinates, food, nature, adventure, culture, exercise, tourist_hotspot, cozy, family, wildlife, near_cbd, disabled_accessibility) 
values 
    ('Sydney Opera House', 'https://url-to-opera-house-photo.com', point(-33.8568, 151.2153), 0.6, 0.4, 0.2, 0.9, 0.3, 1.0, 0.6, 0.8, 0.2, 0.8, 0.9),
    ('Bondi Beach', 'https://url-to-bondi-beach-photo.com', point(-33.8908, 151.2743), 0.8, 0.7, 0.6, 0.4, 0.9, 0.9, 0.5, 0.7, 0.3, 0.5, 0.7),
    ('Sydney Harbour Bridge', 'https://url-to-harbour-bridge-photo.com', point(-33.8522, 151.2102), 0.5, 0.3, 0.8, 0.7, 0.8, 0.9, 0.4, 0.6, 0.1, 0.8, 0.9),
    ('Royal Botanic Garden', 'https://url-to-royal-botanic-photo.com', point(-33.8642, 151.2166), 0.6, 0.9, 0.5, 0.4, 0.7, 0.8, 0.7, 0.8, 0.9, 0.5, 0.8),
    ('Taronga Zoo', 'https://url-to-taronga-zoo-photo.com', point(-33.8434, 151.2416), 0.6, 0.5, 0.7, 0.3, 0.7, 0.9, 0.6, 0.8, 1.0, 0.4, 0.8),
    ('Darling Harbour', 'https://url-to-darling-harbour-photo.com', point(-33.8737, 151.1998), 0.8, 0.4, 0.7, 0.8, 0.6, 0.9, 0.7, 0.7, 0.2, 0.9, 0.9),
    ('The Rocks', 'https://url-to-the-rocks-photo.com', point(-33.8599, 151.2093), 0.7, 0.3, 0.5, 0.8, 0.4, 0.9, 0.7, 0.6, 0.1, 0.8, 0.7),
    ('Hyde Park', 'https://url-to-hyde-park-photo.com', point(-33.8731, 151.2113), 0.5, 0.8, 0.5, 0.5, 0.9, 0.7, 0.7, 0.6, 0.7, 0.4, 0.9),
    ('Manly Beach', 'https://url-to-manly-beach-photo.com', point(-33.7990, 151.2890), 0.7, 0.7, 0.7, 0.3, 0.9, 0.8, 0.6, 0.7, 0.5, 0.3, 0.6),
    ('Sydney Tower Eye', 'https://url-to-sydney-tower-eye-photo.com', point(-33.8705, 151.2090), 0.6, 0.3, 0.9, 0.7, 0.8, 0.8, 0.5, 0.6, 0.1, 0.9, 0.9),
    ('Cockatoo Island', 'https://url-to-cockatoo-island-photo.com', point(-33.8490, 151.1714), 0.5, 0.7, 0.6, 0.6, 0.8, 0.3, 0.7, 0.6, 0.8, 0.5, 0.6),
    ('Barangaroo Reserve', 'https://url-to-barangaroo-reserve-photo.com', point(-33.8587, 151.2017), 0.6, 0.8, 0.5, 0.6, 0.7, 0.3, 0.6, 0.7, 0.7, 0.5, 0.8),
    ('Carriageworks Farmers Market', 'https://url-to-carriageworks-market-photo.com', point(-33.8949, 151.1899), 0.9, 0.3, 0.3, 0.5, 0.4, 0.2, 0.7, 0.5, 0.1, 0.5, 0.8),
    ('White Rabbit Gallery', 'https://url-to-white-rabbit-gallery-photo.com', point(-33.8818, 151.2009), 0.4, 0.2, 0.3, 0.9, 0.2, 0.2, 0.7, 0.5, 0.1, 0.7, 0.9),
    ('Spit Bridge to Manly Walk', 'https://url-to-spit-bridge-to-manly-walk-photo.com', point(-33.8076, 151.2431), 0.3, 0.9, 0.8, 0.3, 0.9, 0.2, 0.5, 0.8, 0.7, 0.2, 0.7),
    ('Chinatown', 'https://url-to-chinatown-sydney-photo.com', point(-33.8799, 151.2045), 0.9, 0.2, 0.4, 0.7, 0.3, 0.2, 0.6, 0.5, 0.2, 0.7, 0.9),
    ('Brett Whiteley Studio Museum', 'https://url-to-brett-whiteley-studio-photo.com', point(-33.8791, 151.2111), 0.4, 0.2, 0.3, 0.9, 0.3, 0.2, 0.7, 0.5, 0.1, 0.7, 0.9),
    ('Belvoir St Theatre', 'https://url-to-belvoir-st-theatre-photo.com', point(-33.8915, 151.2047), 0.4, 0.2, 0.3, 0.8, 0.2, 0.2, 0.6, 0.5, 0.1, 0.6, 0.8),
    ('Palm Beach', 'https://url-to-palm-beach-photo.com', point(-33.6060, 151.3230), 0.6, 0.9, 0.7, 0.3, 0.9, 0.3, 0.6, 0.8, 0.5, 0.2, 0.6),
    ('Sydney Fish Market', 'https://url-to-sydney-fish-market-photo.com', point(-33.8699, 151.1926), 0.9, 0.2, 0.5, 0.6, 0.3, 0.3, 0.7, 0.6, 0.1, 0.6, 0.8);

insert into preferences
    (user_id, food, nature, adventure, culture, exercise, tourist_hotspot, cozy, family, wildlife, near_cbd, disabled_accessibility)
values
    ('81e3d2e1-6710-452c-9b16-845fc5a4b987', 1, 1, 1, 1, 1, 1, 1, 1, 1, 1, 1),
    ('72787bf8-3d7c-4896-a7df-f517f6a3501a', 0.7, 0.5, 0.3, 0.6, 0.4, 0.9, 0.2, 0.1, 0.8, 0.3, 0.1),
    ('1cc5ab73-05e3-411f-a250-9c7380f270ad', 0.2, 0.9, 0.6, 0.3, 0.1, 0.4, 0.7, 0.8, 0.9, 0.5, 0.3),
    ('c5aa3603-012b-419f-9534-d3f9ebaa87f4', 0.3, 0.2, 0.9, 0.8, 0.7, 0.2, 0.1, 0.6, 0.5, 0.4, 0.3),
    ('f4957937-2441-4667-8e2a-320d64ac63d0', 0.6, 0.5, 0.4, 0.9, 0.8, 0.3, 0.2, 0.1, 0.7, 0.6, 0.5),
    ('bc7e855f-6946-4187-85c4-310b98bcbae1', 0.9, 0.8, 0.3, 0.2, 0.1, 0.6, 0.5, 0.4, 0.2, 0.7, 0.9),
    ('36ecbec1-45f8-4250-add6-78e4548d3a05', 0.1, 0.2, 0.7, 0.6, 0.9, 0.8, 0.3, 0.4, 0.1, 0.2, 0.7),
    ('beb8d21f-6808-4853-b13b-bffe964aea04', 0.8, 0.7, 0.2, 0.1, 0.4, 0.3, 0.8, 0.9, 0.6, 0.5, 0.4),
    ('8bff72d7-d633-4ceb-8bfc-e340acb12ae1', 0.4, 0.3, 0.8, 0.7, 0.2, 0.1, 0.6, 0.5, 0.4, 0.3, 0.8),
    ('744892ec-2f79-4d68-8ef0-247260dac9eb', 0.5, 0.4, 0.1, 0.8, 0.7, 0.6, 0.9, 0.2, 0.3, 0.8, 0.7),
    ('1ecad4a3-8e4d-4120-9e0b-5d33ba3d3d29', 0.7, 0.6, 0.5, 0.4, 0.3, 0.2, 0.1, 0.8, 0.9, 0.7, 0.6),
    ('c6fdb246-f7c5-43e4-938f-dc7ea004a79a', 0.2, 0.1, 0.6, 0.5, 0.4, 0.3, 0.2, 0.7, 0.8, 0.6, 0.5),
    ('f62838b4-4a06-4341-96cd-e3e5f5534a4b', 0.3, 0.8, 0.7, 0.6, 0.5, 0.4, 0.3, 0.2, 0.1, 0.5, 0.4),
    ('44f7c662-9c35-4158-87b0-b4be6b01e220', 0.6, 0.1, 0.2, 0.3, 0.8, 0.7, 0.6, 0.5, 0.4, 0.9, 0.2),
    ('35e4a8b4-adb3-4445-903c-75b36cc960cd', 0.1, 0.6, 0.5, 0.4, 0.7, 0.2, 0.1, 0.6, 0.5, 0.4, 0.3),
    ('8cb38b83-b467-48f8-ad33-9a9e226af80c', 0.4, 0.7, 0.6, 0.5, 0.2, 0.1, 0.8, 0.7, 0.6, 0.3, 0.2),
    ('08d06542-3fc8-4c76-8005-c63309e37615', 0.5, 0.2, 0.1, 0.6, 0.5, 0.8, 0.7, 0.6, 0.3, 0.2, 0.1),
    ('2d4665c2-e5d5-4693-bea0-aa9d97a2e3ea', 0.8, 0.3, 0.4, 0.1, 0.6, 0.5, 0.2, 0.1, 0.8, 0.7, 0.6),
    ('b7c23fd0-c829-4437-a546-b5298619804c', 0.7, 0.4, 0.5, 0.2, 0.1, 0.4, 0.3, 0.2, 0.1, 0.6, 0.5),
    ('933b28a3-7130-45c6-ba9a-40a723843f3a', 0.6, 0.5, 0.6, 0.3, 0.2, 0.7, 0.6, 0.5, 0.4, 0.3, 0.2),
    ('4c6376e4-a587-4ce7-b588-6a94ab103685', 0.5, 0.6, 0.1, 0.2, 0.3, 0.6, 0.5, 0.4, 0.7, 0.2, 0.1);

INSERT INTO photos (user_id, url, food, nature, adventure, culture, exercise, tourist_hotspot, cozy, family, wildlife, near_cbd, disabled_accessibility)
VALUES
    ('81e3d2e1-6710-452c-9b16-845fc5a4b987', 'http://example.com/photo0.jpg', 1, 1, 1, 1, 1, 1, 1, 1, 1, 1, 1),
    ('72787bf8-3d7c-4896-a7df-f517f6a3501a', 'http://example.com/photo1.jpg', 0.2, 0.3, 0.5, 0.7, 0.8, 0.2, 0.4, 0.5, 0.6, 0.6, 0.2),
    ('72787bf8-3d7c-4896-a7df-f517f6a3501a', 'http://example.com/photo2.jpg', 0.5, 0.6, 0.2, 0.3, 0.1, 0.7, 0.8, 0.2, 0.4, 0.5, 0.9),
    ('1cc5ab73-05e3-411f-a250-9c7380f270ad', 'http://example.com/photo3.jpg', 0.7, 0.8, 0.2, 0.4, 0.5, 0.6, 0.1, 0.3, 0.7, 0.8, 0.9),
    ('1cc5ab73-05e3-411f-a250-9c7380f270ad', 'http://example.com/photo4.jpg', 0.9, 0.1, 0.3, 0.5, 0.7, 0.8, 0.2, 0.4, 0.5, 0.1, 0.3),
    ('1cc5ab73-05e3-411f-a250-9c7380f270ad', 'http://example.com/photo5.jpg', 0.6, 0.7, 0.8, 0.9, 0.1, 0.2, 0.3, 0.4, 0.5, 0.7, 0.4),
    ('c5aa3603-012b-419f-9534-d3f9ebaa87f4', 'http://example.com/photo6.jpg', 0.4, 0.5, 0.6, 0.7, 0.8, 0.9, 0.1, 0.2, 0.3, 0.8, 0.1),
    ('c5aa3603-012b-419f-9534-d3f9ebaa87f4', 'http://example.com/photo7.jpg', 0.2, 0.3, 0.4, 0.5, 0.6, 0.7, 0.8, 0.9, 0.1, 0.2, 0.6),
    ('f4957937-2441-4667-8e2a-320d64ac63d0', 'http://example.com/photo8.jpg', 0.3, 0.4, 0.5, 0.6, 0.7, 0.8, 0.9, 0.1, 0.2, 0.5, 0.9),
    ('f4957937-2441-4667-8e2a-320d64ac63d0', 'http://example.com/photo9.jpg', 0.1, 0.2, 0.3, 0.4, 0.5, 0.6, 0.7, 0.8, 0.9, 0.3, 0.7),
    ('bc7e855f-6946-4187-85c4-310b98bcbae1', 'http://example.com/photo10.jpg', 0.5, 0.6, 0.7, 0.8, 0.9, 0.1, 0.2, 0.3, 0.4, 0.6, 0.2),
    ('bc7e855f-6946-4187-85c4-310b98bcbae1', 'http://example.com/photo11.jpg', 0.6, 0.7, 0.8, 0.9, 0.1, 0.2, 0.3, 0.4, 0.5, 0.9, 0.3),
    ('bc7e855f-6946-4187-85c4-310b98bcbae1', 'http://example.com/photo12.jpg', 0.7, 0.8, 0.9, 0.1, 0.2, 0.3, 0.4, 0.5, 0.6, 0.4, 0.5),
    ('36ecbec1-45f8-4250-add6-78e4548d3a05', 'http://example.com/photo13.jpg', 0.8, 0.9, 0.1, 0.2, 0.3, 0.4, 0.5, 0.6, 0.7, 0.1, 0.8),
    ('36ecbec1-45f8-4250-add6-78e4548d3a05', 'http://example.com/photo14.jpg', 0.9, 0.1, 0.2, 0.3, 0.4, 0.5, 0.6, 0.7, 0.8, 0.7, 0.1),
    ('beb8d21f-6808-4853-b13b-bffe964aea04', 'http://example.com/photo15.jpg', 0.1, 0.2, 0.3, 0.4, 0.5, 0.6, 0.7, 0.8, 0.9, 0.3, 0.2),
    ('beb8d21f-6808-4853-b13b-bffe964aea04', 'http://example.com/photo16.jpg', 0.2, 0.3, 0.4, 0.5, 0.6, 0.7, 0.8, 0.9, 0.1, 0.6, 0.8),
    ('8bff72d7-d633-4ceb-8bfc-e340acb12ae1', 'http://example.com/photo17.jpg', 0.3, 0.4, 0.5, 0.6, 0.7, 0.8, 0.9, 0.1, 0.2, 0.4, 0.9),
    ('8bff72d7-d633-4ceb-8bfc-e340acb12ae1', 'http://example.com/photo18.jpg', 0.4, 0.5, 0.6, 0.7, 0.8, 0.9, 0.1, 0.2, 0.3, 0.2, 0.3),
    ('744892ec-2f79-4d68-8ef0-247260dac9eb', 'http://example.com/photo19.jpg', 0.5, 0.6, 0.7, 0.8, 0.9, 0.1, 0.2, 0.3, 0.4, 0.6, 0.9),
    ('744892ec-2f79-4d68-8ef0-247260dac9eb', 'http://example.com/photo20.jpg', 0.6, 0.7, 0.8, 0.9, 0.1, 0.2, 0.3, 0.4, 0.5, 0.1, 0.3),
    ('744892ec-2f79-4d68-8ef0-247260dac9eb', 'http://example.com/photo21.jpg', 0.7, 0.8, 0.9, 0.1, 0.2, 0.3, 0.4, 0.5, 0.6, 0.4, 0.9),
    ('1ecad4a3-8e4d-4120-9e0b-5d33ba3d3d29', 'http://example.com/photo22.jpg', 0.8, 0.9, 0.1, 0.2, 0.3, 0.4, 0.5, 0.6, 0.7, 0.2, 0.4),
    ('1ecad4a3-8e4d-4120-9e0b-5d33ba3d3d29', 'http://example.com/photo23.jpg', 0.1, 0.2, 0.3, 0.4, 0.5, 0.6, 0.7, 0.8, 0.9, 0.5, 0.7),
    ('c6fdb246-f7c5-43e4-938f-dc7ea004a79a', 'http://example.com/photo24.jpg', 0.2, 0.3, 0.4, 0.5, 0.6, 0.7, 0.8, 0.9, 0.1, 0.8, 0.2),
    ('c6fdb246-f7c5-43e4-938f-dc7ea004a79a', 'http://example.com/photo25.jpg', 0.3, 0.4, 0.5, 0.6, 0.7, 0.8, 0.9, 0.1, 0.2, 0.7, 0.9),
    ('c6fdb246-f7c5-43e4-938f-dc7ea004a79a', 'http://example.com/photo26.jpg', 0.4, 0.5, 0.6, 0.7, 0.8, 0.9, 0.1, 0.2, 0.3, 0.5, 0.3),
    ('f62838b4-4a06-4341-96cd-e3e5f5534a4b', 'http://example.com/photo27.jpg', 0.5, 0.6, 0.7, 0.8, 0.9, 0.1, 0.2, 0.3, 0.4, 0.9, 0.5),
    ('f62838b4-4a06-4341-96cd-e3e5f5534a4b', 'http://example.com/photo28.jpg', 0.6, 0.7, 0.8, 0.9, 0.1, 0.2, 0.3, 0.4, 0.5, 0.4, 0.5),
    ('44f7c662-9c35-4158-87b0-b4be6b01e220', 'http://example.com/photo29.jpg', 0.7, 0.8, 0.9, 0.1, 0.2, 0.3, 0.4, 0.5, 0.6, 0.6, 0.1),
    ('44f7c662-9c35-4158-87b0-b4be6b01e220', 'http://example.com/photo30.jpg', 0.8, 0.9, 0.1, 0.2, 0.3, 0.4, 0.5, 0.6, 0.7, 0.4, 0.7),
    ('44f7c662-9c35-4158-87b0-b4be6b01e220', 'http://example.com/photo31.jpg', 0.1, 0.2, 0.3, 0.4, 0.5, 0.6, 0.7, 0.8, 0.9, 0.7, 0.8),
    ('35e4a8b4-adb3-4445-903c-75b36cc960cd', 'http://example.com/photo32.jpg', 0.2, 0.3, 0.4, 0.5, 0.6, 0.7, 0.8, 0.9, 0.1, 0.9, 0.4),
    ('35e4a8b4-adb3-4445-903c-75b36cc960cd', 'http://example.com/photo33.jpg', 0.3, 0.4, 0.5, 0.6, 0.7, 0.8, 0.9, 0.1, 0.2, 0.1, 0.6),
    ('8cb38b83-b467-48f8-ad33-9a9e226af80c', 'http://example.com/photo34.jpg', 0.1, 0.3, 0.6, 0.4, 0.8, 0.7, 0.5, 0.9, 0.2, 0.6, 0.4),
    ('8cb38b83-b467-48f8-ad33-9a9e226af80c', 'http://example.com/photo35.jpg', 0.2, 0.4, 0.1, 0.5, 0.7, 0.9, 0.3, 0.8, 0.6, 0.2, 0.1),
    ('8cb38b83-b467-48f8-ad33-9a9e226af80c', 'http://example.com/photo36.jpg', 0.3, 0.5, 0.2, 0.6, 0.8, 0.4, 0.7, 0.1, 0.9, 0.3, 0.5),
    ('08d06542-3fc8-4c76-8005-c63309e37615', 'http://example.com/photo37.jpg', 0.4, 0.6, 0.3, 0.7, 0.1, 0.5, 0.9, 0.2, 0.8, 0.4, 0.6),
    ('08d06542-3fc8-4c76-8005-c63309e37615', 'http://example.com/photo38.jpg', 0.5, 0.7, 0.4, 0.8, 0.2, 0.6, 0.1, 0.3, 0.9, 0.5, 0.7),
    ('2d4665c2-e5d5-4693-bea0-aa9d97a2e3ea', 'http://example.com/photo39.jpg', 0.6, 0.8, 0.5, 0.9, 0.3, 0.7, 0.2, 0.4, 0.1, 0.6, 0.8),
    ('2d4665c2-e5d5-4693-bea0-aa9d97a2e3ea', 'http://example.com/photo40.jpg', 0.7, 0.9, 0.6, 0.1, 0.4, 0.8, 0.3, 0.5, 0.2, 0.7, 0.9),
    ('b7c23fd0-c829-4437-a546-b5298619804c', 'http://example.com/photo41.jpg', 0.8, 0.1, 0.7, 0.2, 0.5, 0.9, 0.4, 0.6, 0.3, 0.8, 0.1),
    ('b7c23fd0-c829-4437-a546-b5298619804c', 'http://example.com/photo42.jpg', 0.9, 0.2, 0.8, 0.3, 0.6, 0.1, 0.5, 0.7, 0.4, 0.9, 0.2),
    ('933b28a3-7130-45c6-ba9a-40a723843f3a', 'http://example.com/photo43.jpg', 0.1, 0.3, 0.9, 0.4, 0.7, 0.2, 0.6, 0.8, 0.5, 0.1, 0.3),
    ('933b28a3-7130-45c6-ba9a-40a723843f3a', 'http://example.com/photo44.jpg', 0.2, 0.4, 0.1, 0.5, 0.8, 0.3, 0.7, 0.9, 0.6, 0.2, 0.4),
    ('933b28a3-7130-45c6-ba9a-40a723843f3a', 'http://example.com/photo45.jpg', 0.3, 0.5, 0.2, 0.6, 0.9, 0.4, 0.8, 0.1, 0.7, 0.3, 0.5),
    ('4c6376e4-a587-4ce7-b588-6a94ab103685', 'http://example.com/photo46.jpg', 0.4, 0.6, 0.3, 0.7, 0.1, 0.5, 0.9, 0.2, 0.8, 0.4, 0.6),
    ('4c6376e4-a587-4ce7-b588-6a94ab103685', 'http://example.com/photo47.jpg', 0.5, 0.7, 0.4, 0.8, 0.2, 0.6, 0.1, 0.3, 0.9, 0.5, 0.7),
    ('4c6376e4-a587-4ce7-b588-6a94ab103685', 'http://example.com/photo48.jpg', 0.6, 0.8, 0.5, 0.9, 0.3, 0.7, 0.2, 0.4, 0.1, 0.6, 0.8);
